[{"model": "admin.logentry", "pk": 1, "fields": {"action_time": "2021-03-04T13:26:11.521Z", "user": 1, "content_type": 12, "object_id": "1", "object_repr": "my", "action_flag": 1, "change_message": "[{\"added\": {}}]"}}, {"model": "admin.logentry", "pk": 2, "fields": {"action_time": "2021-03-05T16:50:35.771Z", "user": 1, "content_type": 30, "object_id": "1", "object_repr": "my", "action_flag": 1, "change_message": "[{\"added\": {}}]"}}, {"model": "admin.logentry", "pk": 3, "fields": {"action_time": "2021-03-09T07:11:04.763Z", "user": 1, "content_type": 27, "object_id": "1", "object_repr": "Technology", "action_flag": 1, "change_message": "[{\"added\": {}}]"}}, {"model": "admin.logentry", "pk": 4, "fields": {"action_time": "2021-03-09T07:11:11.069Z", "user": 1, "content_type": 27, "object_id": "2", "object_repr": "Coding", "action_flag": 1, "change_message": "[{\"added\": {}}]"}}, {"model": "admin.logentry", "pk": 5, "fields": {"action_time": "2021-03-09T07:11:19.514Z", "user": 1, "content_type": 26, "object_id": "1", "object_repr": "Python", "action_flag": 1, "change_message": "[{\"added\": {}}]"}}, {"model": "admin.logentry", "pk": 6, "fields": {"action_time": "2021-03-09T07:11:24.406Z", "user": 1, "content_type": 26, "object_id": "2", "object_repr": "Java", "action_flag": 1, "change_message": "[{\"added\": {}}]"}}, {"model": "admin.logentry", "pk": 7, "fields": {"action_time": "2021-03-09T07:11:40.674Z", "user": 1, "content_type": 26, "object_id": "3", "object_repr": "ML", "action_flag": 1, "change_message": "[{\"added\": {}}]"}}, {"model": "admin.logentry", "pk": 8, "fields": {"action_time": "2021-03-10T13:14:31.473Z", "user": 1, "content_type": 9, "object_id": "1", "object_repr": "0V", "action_flag": 1, "change_message": "[{\"added\": {}}]"}}, {"model": "admin.logentry", "pk": 9, "fields": {"action_time": "2021-03-10T13:15:00.937Z", "user": 1, "content_type": 18, "object_id": "1", "object_repr": "VideoTesting object (1)", "action_flag": 1, "change_message": "[{\"added\": {}}]"}}, {"model": "admin.logentry", "pk": 10, "fields": {"action_time": "2021-03-24T11:39:34.253Z", "user": 1, "content_type": 7, "object_id": "1", "object_repr": "Graphic Design", "action_flag": 1, "change_message": "[{\"added\": {}}]"}}, {"model": "admin.logentry", "pk": 11, "fields": {"action_time": "2021-03-24T11:39:42.745Z", "user": 1, "content_type": 7, "object_id": "2", "object_repr": "Web Design", "action_flag": 1, "change_message": "[{\"added\": {}}]"}}, {"model": "admin.logentry", "pk": 12, "fields": {"action_time": "2021-03-24T11:41:20.097Z", "user": 1, "content_type": 7, "object_id": "3", "object_repr": "Digital Marketing", "action_flag": 1, "change_message": "[{\"added\": {}}]"}}, {"model": "admin.logentry", "pk": 13, "fields": {"action_time": "2021-03-24T11:42:01.717Z", "user": 1, "content_type": 7, "object_id": "4", "object_repr": "Designing", "action_flag": 1, "change_message": "[{\"added\": {}}]"}}, {"model": "admin.logentry", "pk": 14, "fields": {"action_time": "2021-03-24T11:42:18.536Z", "user": 1, "content_type": 10, "object_id": "1", "object_repr": "Graphic Design", "action_flag": 1, "change_message": "[{\"added\": {}}]"}}, {"model": "admin.logentry", "pk": 15, "fields": {"action_time": "2021-03-24T11:42:37.748Z", "user": 1, "content_type": 10, "object_id": "2", "object_repr": "Web Desings", "action_flag": 1, "change_message": "[{\"added\": {}}]"}}, {"model": "admin.logentry", "pk": 16, "fields": {"action_time": "2021-03-24T11:42:48.697Z", "user": 1, "content_type": 10, "object_id": "2", "object_repr": "Web Design", "action_flag": 2, "change_message": "[{\"changed\": {\"fields\": [\"Sub category name\"]}}]"}}, {"model": "admin.logentry", "pk": 17, "fields": {"action_time": "2021-03-24T11:43:07.494Z", "user": 1, "content_type": 10, "object_id": "3", "object_repr": "Digital Marketing", "action_flag": 1, "change_message": "[{\"added\": {}}]"}}, {"model": "admin.logentry", "pk": 18, "fields": {"action_time": "2021-03-24T11:43:23.687Z", "user": 1, "content_type": 7, "object_id": "3", "object_repr": "Marketing", "action_flag": 2, "change_message": "[{\"changed\": {\"fields\": [\"Category name\"]}}]"}}, {"model": "admin.logentry", "pk": 19, "fields": {"action_time": "2021-03-24T11:43:33.227Z", "user": 1, "content_type": 7, "object_id": "5", "object_repr": "Coding", "action_flag": 1, "change_message": "[{\"added\": {}}]"}}, {"model": "admin.logentry", "pk": 20, "fields": {"action_time": "2021-03-24T11:44:03.831Z", "user": 1, "content_type": 10, "object_id": "4", "object_repr": "Django Development", "action_flag": 1, "change_message": "[{\"added\": {}}]"}}, {"model": "admin.logentry", "pk": 21, "fields": {"action_time": "2021-03-24T11:44:15.986Z", "user": 1, "content_type": 10, "object_id": "5", "object_repr": "React Frontend", "action_flag": 1, "change_message": "[{\"added\": {}}]"}}, {"model": "admin.logentry", "pk": 22, "fields": {"action_time": "2021-03-24T11:44:31.531Z", "user": 1, "content_type": 10, "object_id": "6", "object_repr": "MERN STACK", "action_flag": 1, "change_message": "[{\"added\": {}}]"}}, {"model": "admin.logentry", "pk": 23, "fields": {"action_time": "2021-03-24T11:44:48.990Z", "user": 1, "content_type": 10, "object_id": "7", "object_repr": "Android Development", "action_flag": 1, "change_message": "[{\"added\": {}}]"}}, {"model": "admin.logentry", "pk": 24, "fields": {"action_time": "2021-03-24T11:45:34.589Z", "user": 1, "content_type": 7, "object_id": "6", "object_repr": "Ethical Hacking", "action_flag": 1, "change_message": "[{\"added\": {}}]"}}, {"model": "admin.logentry", "pk": 25, "fields": {"action_time": "2021-03-24T11:45:54.685Z", "user": 1, "content_type": 10, "object_id": "8", "object_repr": "Web Exploitation", "action_flag": 1, "change_message": "[{\"added\": {}}]"}}, {"model": "admin.logentry", "pk": 26, "fields": {"action_time": "2021-03-24T11:47:20.078Z", "user": 1, "content_type": 7, "object_id": "2", "object_repr": "Web Design", "action_flag": 3, "change_message": ""}}, {"model": "admin.logentry", "pk": 27, "fields": {"action_time": "2021-03-24T11:47:20.082Z", "user": 1, "content_type": 7, "object_id": "1", "object_repr": "Graphic Design", "action_flag": 3, "change_message": ""}}, {"model": "admin.logentry", "pk": 28, "fields": {"action_time": "2021-03-24T11:47:32.344Z", "user": 1, "content_type": 7, "object_id": "6", "object_repr": "Security", "action_flag": 2, "change_message": "[{\"changed\": {\"fields\": [\"Category name\"]}}]"}}, {"model": "admin.logentry", "pk": 29, "fields": {"action_time": "2021-03-24T11:48:38.655Z", "user": 1, "content_type": 7, "object_id": "7", "object_repr": "Artificial Intellegiance", "action_flag": 1, "change_message": "[{\"added\": {}}]"}}, {"model": "admin.logentry", "pk": 30, "fields": {"action_time": "2021-03-24T11:48:57.750Z", "user": 1, "content_type": 10, "object_id": "9", "object_repr": "Machine Learning", "action_flag": 1, "change_message": "[{\"added\": {}}]"}}, {"model": "admin.logentry", "pk": 31, "fields": {"action_time": "2021-03-24T11:49:07.510Z", "user": 1, "content_type": 10, "object_id": "10", "object_repr": "Image Processing", "action_flag": 1, "change_message": "[{\"added\": {}}]"}}, {"model": "admin.logentry", "pk": 32, "fields": {"action_time": "2021-03-24T11:49:17.130Z", "user": 1, "content_type": 10, "object_id": "11", "object_repr": "Deep Learning", "action_flag": 1, "change_message": "[{\"added\": {}}]"}}, {"model": "admin.logentry", "pk": 33, "fields": {"action_time": "2021-03-24T11:50:01.919Z", "user": 1, "content_type": 7, "object_id": "5", "object_repr": "Development", "action_flag": 2, "change_message": "[{\"changed\": {\"fields\": [\"Category name\"]}}]"}}, {"model": "admin.logentry", "pk": 34, "fields": {"action_time": "2021-03-24T11:50:24.144Z", "user": 1, "content_type": 7, "object_id": "8", "object_repr": "Programming", "action_flag": 1, "change_message": "[{\"added\": {}}]"}}, {"model": "admin.logentry", "pk": 35, "fields": {"action_time": "2021-03-24T11:50:54.955Z", "user": 1, "content_type": 10, "object_id": "12", "object_repr": "C/C++", "action_flag": 1, "change_message": "[{\"added\": {}}]"}}, {"model": "admin.logentry", "pk": 36, "fields": {"action_time": "2021-03-24T11:51:02.512Z", "user": 1, "content_type": 10, "object_id": "13", "object_repr": "Python", "action_flag": 1, "change_message": "[{\"added\": {}}]"}}, {"model": "admin.logentry", "pk": 37, "fields": {"action_time": "2021-03-24T11:51:11.667Z", "user": 1, "content_type": 10, "object_id": "14", "object_repr": "Java", "action_flag": 1, "change_message": "[{\"added\": {}}]"}}, {"model": "admin.logentry", "pk": 38, "fields": {"action_time": "2021-03-24T11:51:31.816Z", "user": 1, "content_type": 10, "object_id": "15", "object_repr": "Data Structure and Algorithms", "action_flag": 1, "change_message": "[{\"added\": {}}]"}}, {"model": "admin.logentry", "pk": 39, "fields": {"action_time": "2021-03-24T12:24:41.040Z", "user": 1, "content_type": 8, "object_id": "1", "object_repr": "Play with Algorithm", "action_flag": 1, "change_message": "[{\"added\": {}}]"}}, {"model": "admin.logentry", "pk": 40, "fields": {"action_time": "2021-03-24T12:37:11.987Z", "user": 1, "content_type": 8, "object_id": "1", "object_repr": "Play with Algorithm", "action_flag": 2, "change_message": "[{\"changed\": {\"fields\": [\"Thumbnail\"]}}]"}}, {"model": "admin.logentry", "pk": 41, "fields": {"action_time": "2021-03-24T12:37:40.168Z", "user": 1, "content_type": 8, "object_id": "1", "object_repr": "Play with Algorithm", "action_flag": 2, "change_message": "[{\"changed\": {\"fields\": [\"Thumbnail\"]}}]"}}, {"model": "admin.logentry", "pk": 42, "fields": {"action_time": "2021-03-24T12:43:52.469Z", "user": 1, "content_type": 29, "object_id": "1", "object_repr": "Image object (1)", "action_flag": 1, "change_message": "[{\"added\": {}}]"}}, {"model": "admin.logentry", "pk": 43, "fields": {"action_time": "2021-03-24T12:44:18.873Z", "user": 1, "content_type": 8, "object_id": "1", "object_repr": "Play with Algorithm", "action_flag": 2, "change_message": "[{\"changed\": {\"fields\": [\"Thumbnail\"]}}]"}}, {"model": "admin.logentry", "pk": 44, "fields": {"action_time": "2021-03-24T12:45:29.517Z", "user": 1, "content_type": 29, "object_id": "1", "object_repr": "Image object (1)", "action_flag": 3, "change_message": ""}}, {"model": "admin.logentry", "pk": 45, "fields": {"action_time": "2021-03-24T12:47:23.109Z", "user": 1, "content_type": 8, "object_id": "1", "object_repr": "Play with Algorithm", "action_flag": 2, "change_message": "[{\"changed\": {\"fields\": [\"Thumbnail\"]}}]"}}, {"model": "admin.logentry", "pk": 46, "fields": {"action_time": "2021-03-24T12:47:46.610Z", "user": 1, "content_type": 28, "object_id": "1", "object_repr": "Title", "action_flag": 2, "change_message": "[{\"changed\": {\"fields\": [\"Thumbnail\"]}}]"}}, {"model": "admin.logentry", "pk": 47, "fields": {"action_time": "2021-03-25T06:42:30.087Z", "user": 1, "content_type": 7, "object_id": "8", "object_repr": "Programming", "action_flag": 2, "change_message": "[{\"changed\": {\"fields\": [\"Thumbnail\"]}}]"}}, {"model": "admin.logentry", "pk": 48, "fields": {"action_time": "2021-03-25T06:42:37.610Z", "user": 1, "content_type": 7, "object_id": "8", "object_repr": "Programming", "action_flag": 2, "change_message": "[]"}}, {"model": "admin.logentry", "pk": 49, "fields": {"action_time": "2021-03-25T06:43:08.922Z", "user": 1, "content_type": 7, "object_id": "7", "object_repr": "Artificial Intellegiance", "action_flag": 2, "change_message": "[{\"changed\": {\"fields\": [\"Thumbnail\"]}}]"}}, {"model": "admin.logentry", "pk": 50, "fields": {"action_time": "2021-03-25T06:43:19.965Z", "user": 1, "content_type": 7, "object_id": "6", "object_repr": "Security", "action_flag": 2, "change_message": "[{\"changed\": {\"fields\": [\"Thumbnail\"]}}]"}}, {"model": "admin.logentry", "pk": 51, "fields": {"action_time": "2021-03-25T06:43:31.934Z", "user": 1, "content_type": 7, "object_id": "5", "object_repr": "Development", "action_flag": 2, "change_message": "[{\"changed\": {\"fields\": [\"Thumbnail\"]}}]"}}, {"model": "admin.logentry", "pk": 52, "fields": {"action_time": "2021-03-25T06:43:46.742Z", "user": 1, "content_type": 7, "object_id": "4", "object_repr": "Designing", "action_flag": 2, "change_message": "[{\"changed\": {\"fields\": [\"Thumbnail\"]}}]"}}, {"model": "admin.logentry", "pk": 53, "fields": {"action_time": "2021-03-25T06:43:54.300Z", "user": 1, "content_type": 7, "object_id": "3", "object_repr": "Marketing", "action_flag": 2, "change_message": "[{\"changed\": {\"fields\": [\"Thumbnail\"]}}]"}}, {"model": "admin.logentry", "pk": 54, "fields": {"action_time": "2021-03-25T06:54:45.418Z", "user": 1, "content_type": 8, "object_id": "1", "object_repr": "Play with Algorithm", "action_flag": 2, "change_message": "[{\"changed\": {\"fields\": [\"Thumbnail\"]}}]"}}, {"model": "admin.logentry", "pk": 55, "fields": {"action_time": "2021-03-25T06:55:04.334Z", "user": 1, "content_type": 8, "object_id": "1", "object_repr": "Play with Algorithm", "action_flag": 2, "change_message": "[]"}}, {"model": "admin.logentry", "pk": 56, "fields": {"action_time": "2021-03-25T06:56:27.948Z", "user": 1, "content_type": 8, "object_id": "2", "object_repr": "Natural Language Processing", "action_flag": 1, "change_message": "[{\"added\": {}}]"}}, {"model": "admin.logentry", "pk": 57, "fields": {"action_time": "2021-03-25T06:56:36.167Z", "user": 1, "content_type": 8, "object_id": "2", "object_repr": "Natural Language Processing", "action_flag": 2, "change_message": "[]"}}, {"model": "admin.logentry", "pk": 58, "fields": {"action_time": "2021-03-25T06:56:44.359Z", "user": 1, "content_type": 8, "object_id": "1", "object_repr": "Play with Algorithm", "action_flag": 3, "change_message": ""}}, {"model": "admin.logentry", "pk": 59, "fields": {"action_time": "2021-03-25T06:58:31.676Z", "user": 1, "content_type": 8, "object_id": "3", "object_repr": "Play With Algorithm", "action_flag": 1, "change_message": "[{\"added\": {}}]"}}, {"model": "admin.logentry", "pk": 60, "fields": {"action_time": "2021-03-25T07:02:59.182Z", "user": 1, "content_type": 8, "object_id": "2", "object_repr": "Natural Language Processing", "action_flag": 2, "change_message": "[{\"changed\": {\"fields\": [\"Thumbnail\"]}}]"}}, {"model": "admin.logentry", "pk": 61, "fields": {"action_time": "2021-03-25T07:03:26.782Z", "user": 1, "content_type": 8, "object_id": "2", "object_repr": "Natural Language Processing", "action_flag": 2, "change_message": "[{\"changed\": {\"fields\": [\"Thumbnail\"]}}]"}}, {"model": "admin.logentry", "pk": 62, "fields": {"action_time": "2021-03-25T07:03:42.271Z", "user": 1, "content_type": 8, "object_id": "2", "object_repr": "Natural Language Processing", "action_flag": 2, "change_message": "[]"}}, {"model": "admin.logentry", "pk": 63, "fields": {"action_time": "2021-03-25T07:05:22.797Z", "user": 1, "content_type": 7, "object_id": "7", "object_repr": "Artificial Intellegiance", "action_flag": 2, "change_message": "[{\"changed\": {\"fields\": [\"Thumbnail\"]}}]"}}, {"model": "admin.logentry", "pk": 64, "fields": {"action_time": "2021-03-25T07:05:33.675Z", "user": 1, "content_type": 7, "object_id": "7", "object_repr": "Artificial Intellegiance", "action_flag": 2, "change_message": "[]"}}, {"model": "admin.logentry", "pk": 65, "fields": {"action_time": "2021-03-25T07:06:27.841Z", "user": 1, "content_type": 8, "object_id": "3", "object_repr": "Play With Algorithm", "action_flag": 3, "change_message": ""}}, {"model": "admin.logentry", "pk": 66, "fields": {"action_time": "2021-03-25T07:06:27.848Z", "user": 1, "content_type": 8, "object_id": "2", "object_repr": "Natural Language Processing", "action_flag": 3, "change_message": ""}}, {"model": "admin.logentry", "pk": 67, "fields": {"action_time": "2021-03-25T07:11:14.059Z", "user": 1, "content_type": 8, "object_id": "1", "object_repr": "Play With Algorithm", "action_flag": 1, "change_message": "[{\"added\": {}}]"}}, {"model": "admin.logentry", "pk": 68, "fields": {"action_time": "2021-03-25T07:11:18.659Z", "user": 1, "content_type": 8, "object_id": "1", "object_repr": "Play With Algorithm", "action_flag": 2, "change_message": "[]"}}, {"model": "admin.logentry", "pk": 69, "fields": {"action_time": "2021-03-25T07:12:19.818Z", "user": 1, "content_type": 8, "object_id": "2", "object_repr": "Natural Language Processing", "action_flag": 1, "change_message": "[{\"added\": {}}]"}}, {"model": "admin.logentry", "pk": 70, "fields": {"action_time": "2021-03-25T07:14:49.190Z", "user": 1, "content_type": 8, "object_id": "3", "object_repr": "Machine Learning", "action_flag": 1, "change_message": "[{\"added\": {}}]"}}, {"model": "admin.logentry", "pk": 71, "fields": {"action_time": "2021-03-25T07:15:57.406Z", "user": 1, "content_type": 8, "object_id": "3", "object_repr": "Machine Learning", "action_flag": 2, "change_message": "[{\"changed\": {\"fields\": [\"Small desc\", \"Description\"]}}]"}}, {"model": "admin.logentry", "pk": 72, "fields": {"action_time": "2021-03-25T07:16:25.015Z", "user": 1, "content_type": 8, "object_id": "3", "object_repr": "Machine Learning", "action_flag": 2, "change_message": "[]"}}, {"model": "admin.logentry", "pk": 73, "fields": {"action_time": "2021-03-25T07:23:08.832Z", "user": 1, "content_type": 8, "object_id": "4", "object_repr": "LA", "action_flag": 1, "change_message": "[{\"added\": {}}]"}}, {"model": "admin.logentry", "pk": 74, "fields": {"action_time": "2021-03-25T07:24:41.938Z", "user": 1, "content_type": 8, "object_id": "4", "object_repr": "LA", "action_flag": 3, "change_message": ""}}, {"model": "admin.logentry", "pk": 75, "fields": {"action_time": "2021-03-25T07:25:51.587Z", "user": 1, "content_type": 28, "object_id": "2", "object_repr": "Title23", "action_flag": 2, "change_message": "[{\"changed\": {\"fields\": [\"Title\"]}}]"}}, {"model": "admin.logentry", "pk": 76, "fields": {"action_time": "2021-03-25T07:26:01.548Z", "user": 1, "content_type": 8, "object_id": "3", "object_repr": "Machine Learning 23", "action_flag": 2, "change_message": "[{\"changed\": {\"fields\": [\"Name\"]}}]"}}, {"model": "admin.logentry", "pk": 77, "fields": {"action_time": "2021-03-25T07:26:10.146Z", "user": 1, "content_type": 8, "object_id": "3", "object_repr": "Machine Learning", "action_flag": 2, "change_message": "[]"}}, {"model": "admin.logentry", "pk": 78, "fields": {"action_time": "2021-03-25T08:14:38.761Z", "user": 1, "content_type": 31, "object_id": "1", "object_repr": "Bidding_Amt object (1)", "action_flag": 1, "change_message": "[{\"added\": {}}]"}}, {"model": "admin.logentry", "pk": 79, "fields": {"action_time": "2021-03-25T08:14:49.430Z", "user": 1, "content_type": 31, "object_id": "2", "object_repr": "Bidding_Amt object (2)", "action_flag": 1, "change_message": "[{\"added\": {}}]"}}, {"model": "admin.logentry", "pk": 80, "fields": {"action_time": "2021-03-25T08:14:58.754Z", "user": 1, "content_type": 31, "object_id": "3", "object_repr": "Bidding_Amt object (3)", "action_flag": 1, "change_message": "[{\"added\": {}}]"}}, {"model": "admin.logentry", "pk": 81, "fields": {"action_time": "2021-03-25T08:15:08.520Z", "user": 1, "content_type": 31, "object_id": "4", "object_repr": "Bidding_Amt object (4)", "action_flag": 1, "change_message": "[{\"added\": {}}]"}}, {"model": "admin.logentry", "pk": 82, "fields": {"action_time": "2021-03-25T08:15:37.740Z", "user": 1, "content_type": 31, "object_id": "5", "object_repr": "Bidding_Amt object (5)", "action_flag": 1, "change_message": "[{\"added\": {}}]"}}, {"model": "admin.logentry", "pk": 83, "fields": {"action_time": "2021-03-25T08:15:50.727Z", "user": 1, "content_type": 31, "object_id": "6", "object_repr": "Bidding_Amt object (6)", "action_flag": 1, "change_message": "[{\"added\": {}}]"}}, {"model": "admin.logentry", "pk": 84, "fields": {"action_time": "2021-03-25T08:16:04.454Z", "user": 1, "content_type": 31, "object_id": "7", "object_repr": "Bidding_Amt object (7)", "action_flag": 1, "change_message": "[{\"added\": {}}]"}}, {"model": "admin.logentry", "pk": 85, "fields": {"action_time": "2021-03-25T08:16:18.172Z", "user": 1, "content_type": 31, "object_id": "8", "object_repr": "Bidding_Amt object (8)", "action_flag": 1, "change_message": "[{\"added\": {}}]"}}, {"model": "admin.logentry", "pk": 86, "fields": {"action_time": "2021-03-25T08:16:37.968Z", "user": 1, "content_type": 31, "object_id": "9", "object_repr": "Bidding_Amt object (9)", "action_flag": 1, "change_message": "[{\"added\": {}}]"}}, {"model": "admin.logentry", "pk": 87, "fields": {"action_time": "2021-03-25T08:55:12.275Z", "user": 1, "content_type": 8, "object_id": "3", "object_repr": "Machine Learning", "action_flag": 2, "change_message": "[{\"changed\": {\"fields\": [\"Small desc\", \"Description\"]}}]"}}, {"model": "admin.logentry", "pk": 88, "fields": {"action_time": "2021-03-25T08:55:19.428Z", "user": 1, "content_type": 8, "object_id": "3", "object_repr": "Machine Learning", "action_flag": 2, "change_message": "[]"}}, {"model": "admin.logentry", "pk": 89, "fields": {"action_time": "2021-03-25T09:00:06.846Z", "user": 1, "content_type": 8, "object_id": "3", "object_repr": "Machine Learning", "action_flag": 2, "change_message": "[]"}}, {"model": "admin.logentry", "pk": 90, "fields": {"action_time": "2021-03-25T09:00:45.487Z", "user": 1, "content_type": 8, "object_id": "5", "object_repr": "AI", "action_flag": 1, "change_message": "[{\"added\": {}}]"}}, {"model": "admin.logentry", "pk": 91, "fields": {"action_time": "2021-03-25T09:01:34.055Z", "user": 1, "content_type": 8, "object_id": "5", "object_repr": "AI", "action_flag": 2, "change_message": "[]"}}, {"model": "admin.logentry", "pk": 92, "fields": {"action_time": "2021-03-25T09:02:13.409Z", "user": 1, "content_type": 8, "object_id": "5", "object_repr": "AI", "action_flag": 2, "change_message": "[{\"changed\": {\"fields\": [\"Small desc\", \"Description\"]}}]"}}, {"model": "admin.logentry", "pk": 93, "fields": {"action_time": "2021-03-25T09:03:39.658Z", "user": 1, "content_type": 8, "object_id": "6", "object_repr": "JAVA", "action_flag": 1, "change_message": "[{\"added\": {}}]"}}, {"model": "admin.logentry", "pk": 94, "fields": {"action_time": "2021-03-25T18:00:04.900Z", "user": 1, "content_type": 9, "object_id": "1", "object_repr": "0V", "action_flag": 2, "change_message": "[]"}}, {"model": "admin.logentry", "pk": 95, "fields": {"action_time": "2021-03-25T18:00:51.391Z", "user": 1, "content_type": 9, "object_id": "1", "object_repr": "0Demo Video", "action_flag": 2, "change_message": "[{\"changed\": {\"fields\": [\"Name\"]}}]"}}, {"model": "admin.logentry", "pk": 96, "fields": {"action_time": "2021-03-25T18:01:20.390Z", "user": 1, "content_type": 8, "object_id": "3", "object_repr": "Machine Learning", "action_flag": 2, "change_message": "[{\"changed\": {\"fields\": [\"Video lectures\"]}}]"}}, {"model": "admin.logentry", "pk": 97, "fields": {"action_time": "2021-03-25T18:01:29.844Z", "user": 1, "content_type": 8, "object_id": "2", "object_repr": "Natural Language Processing", "action_flag": 2, "change_message": "[{\"changed\": {\"fields\": [\"Video lectures\"]}}]"}}, {"model": "admin.logentry", "pk": 98, "fields": {"action_time": "2021-03-25T18:01:35.262Z", "user": 1, "content_type": 8, "object_id": "1", "object_repr": "Play With Algorithm", "action_flag": 2, "change_message": "[{\"changed\": {\"fields\": [\"Video lectures\"]}}]"}}, {"model": "admin.logentry", "pk": 99, "fields": {"action_time": "2021-03-25T18:01:45.414Z", "user": 1, "content_type": 8, "object_id": "5", "object_repr": "AI", "action_flag": 2, "change_message": "[{\"changed\": {\"fields\": [\"Video lectures\"]}}]"}}, {"model": "admin.logentry", "pk": 100, "fields": {"action_time": "2021-03-25T18:01:49.943Z", "user": 1, "content_type": 8, "object_id": "1", "object_repr": "Play With Algorithm", "action_flag": 2, "change_message": "[]"}}, {"model": "admin.logentry", "pk": 101, "fields": {"action_time": "2021-03-25T18:01:54.813Z", "user": 1, "content_type": 8, "object_id": "2", "object_repr": "Natural Language Processing", "action_flag": 2, "change_message": "[]"}}, {"model": "admin.logentry", "pk": 102, "fields": {"action_time": "2021-03-27T03:33:54.099Z", "user": 1, "content_type": 6, "object_id": "2", "object_repr": "", "action_flag": 1, "change_message": "[{\"added\": {}}]"}}, {"model": "admin.logentry", "pk": 103, "fields": {"action_time": "2021-03-27T03:34:17.155Z", "user": 1, "content_type": 6, "object_id": "2", "object_repr": "m@gmail.com", "action_flag": 2, "change_message": "[{\"changed\": {\"fields\": [\"Email\", \"Username\"]}}]"}}, {"model": "admin.logentry", "pk": 104, "fields": {"action_time": "2021-03-27T05:26:42.623Z", "user": 1, "content_type": 32, "object_id": "1", "object_repr": "1.How long is this course duration", "action_flag": 1, "change_message": "[{\"added\": {}}]"}}, {"model": "admin.logentry", "pk": 105, "fields": {"action_time": "2021-03-27T05:27:01.780Z", "user": 1, "content_type": 32, "object_id": "2", "object_repr": "2.First non-repeating character in a stream", "action_flag": 1, "change_message": "[{\"added\": {}}]"}}, {"model": "admin.logentry", "pk": 106, "fields": {"action_time": "2021-03-27T10:56:38.904Z", "user": 1, "content_type": 8, "object_id": "6", "object_repr": "JAVA", "action_flag": 2, "change_message": "[]"}}, {"model": "admin.logentry", "pk": 107, "fields": {"action_time": "2021-03-27T10:56:48.426Z", "user": 1, "content_type": 8, "object_id": "2", "object_repr": "Natural Language Processing", "action_flag": 2, "change_message": "[{\"changed\": {\"fields\": [\"Date of created\"]}}]"}}, {"model": "admin.logentry", "pk": 108, "fields": {"action_time": "2021-03-27T10:56:58.646Z", "user": 1, "content_type": 8, "object_id": "1", "object_repr": "Play With Algorithm", "action_flag": 2, "change_message": "[{\"changed\": {\"fields\": [\"Date of created\"]}}]"}}, {"model": "admin.logentry", "pk": 109, "fields": {"action_time": "2021-03-27T10:57:07.302Z", "user": 1, "content_type": 8, "object_id": "1", "object_repr": "Play With Algorithm", "action_flag": 2, "change_message": "[]"}}, {"model": "admin.logentry", "pk": 110, "fields": {"action_time": "2021-03-27T10:57:24.525Z", "user": 1, "content_type": 8, "object_id": "3", "object_repr": "Machine Learning", "action_flag": 2, "change_message": "[{\"changed\": {\"fields\": [\"Date of created\"]}}]"}}, {"model": "admin.logentry", "pk": 111, "fields": {"action_time": "2021-03-27T11:01:33.457Z", "user": 1, "content_type": 12, "object_id": "1", "object_repr": "my", "action_flag": 2, "change_message": "[]"}}, {"model": "admin.logentry", "pk": 112, "fields": {"action_time": "2021-03-27T11:02:50.332Z", "user": 1, "content_type": 6, "object_id": "1", "object_repr": "myschool@gmail.com", "action_flag": 2, "change_message": "[{\"changed\": {\"fields\": [\"First name\", \"Last name\"]}}]"}}, {"model": "admin.logentry", "pk": 113, "fields": {"action_time": "2021-03-27T11:08:00.232Z", "user": 1, "content_type": 6, "object_id": "1", "object_repr": "myschool@gmail.com", "action_flag": 2, "change_message": "[{\"changed\": {\"fields\": [\"Profile pic\"]}}]"}}, {"model": "admin.logentry", "pk": 114, "fields": {"action_time": "2021-03-27T11:13:16.403Z", "user": 1, "content_type": 9, "object_id": "1", "object_repr": "0Demo Video", "action_flag": 2, "change_message": "[]"}}, {"model": "admin.logentry", "pk": 115, "fields": {"action_time": "2021-03-27T11:15:05.529Z", "user": 1, "content_type": 8, "object_id": "6", "object_repr": "JAVA", "action_flag": 2, "change_message": "[{\"changed\": {\"fields\": [\"Video lectures\"]}}]"}}, {"model": "admin.logentry", "pk": 116, "fields": {"action_time": "2021-03-31T11:16:57.285Z", "user": 1, "content_type": 36, "object_id": "1", "object_repr": "The Python Developer", "action_flag": 1, "change_message": "[{\"added\": {}}]"}}, {"model": "admin.logentry", "pk": 117, "fields": {"action_time": "2021-03-31T16:54:52.598Z", "user": 1, "content_type": 6, "object_id": "6", "object_repr": "mad@gmail.com", "action_flag": 3, "change_message": ""}}, {"model": "admin.logentry", "pk": 118, "fields": {"action_time": "2021-03-31T16:54:58.986Z", "user": 1, "content_type": 6, "object_id": "5", "object_repr": "m123@gmail.com", "action_flag": 3, "change_message": ""}}, {"model": "admin.logentry", "pk": 119, "fields": {"action_time": "2021-03-31T16:55:19.962Z", "user": 1, "content_type": 6, "object_id": "7", "object_repr": "a@gmail.com", "action_flag": 3, "change_message": ""}}, {"model": "admin.logentry", "pk": 120, "fields": {"action_time": "2021-03-31T16:55:19.965Z", "user": 1, "content_type": 6, "object_id": "2", "object_repr": "m@gmail.com", "action_flag": 3, "change_message": ""}}, {"model": "admin.logentry", "pk": 121, "fields": {"action_time": "2021-03-31T16:55:19.968Z", "user": 1, "content_type": 6, "object_id": "3", "object_repr": "s@gmail.com", "action_flag": 3, "change_message": ""}}, {"model": "admin.logentry", "pk": 122, "fields": {"action_time": "2021-03-31T16:55:19.971Z", "user": 1, "content_type": 6, "object_id": "4", "object_repr": "samir32@gmail.com", "action_flag": 3, "change_message": ""}}, {"model": "admin.logentry", "pk": 123, "fields": {"action_time": "2021-04-01T08:51:21.559Z", "user": 1, "content_type": 36, "object_id": "1", "object_repr": "The Python Developer", "action_flag": 2, "change_message": "[{\"changed\": {\"fields\": [\"Desc\"]}}]"}}, {"model": "admin.logentry", "pk": 124, "fields": {"action_time": "2021-04-01T08:52:16.582Z", "user": 1, "content_type": 36, "object_id": "1", "object_repr": "The Python Developer", "action_flag": 2, "change_message": "[{\"changed\": {\"fields\": [\"Url\"]}}]"}}, {"model": "admin.logentry", "pk": 125, "fields": {"action_time": "2021-04-02T06:59:31.152Z", "user": 1, "content_type": 28, "object_id": "2", "object_repr": "Title23", "action_flag": 2, "change_message": "[{\"changed\": {\"fields\": [\"Thumbnail\"]}}]"}}, {"model": "admin.logentry", "pk": 126, "fields": {"action_time": "2021-04-02T06:59:36.915Z", "user": 1, "content_type": 28, "object_id": "1", "object_repr": "Title", "action_flag": 2, "change_message": "[]"}}, {"model": "admin.logentry", "pk": 127, "fields": {"action_time": "2021-04-03T10:14:00.709Z", "user": 1, "content_type": 6, "object_id": "9", "object_repr": "swaq@gmail.com", "action_flag": 3, "change_message": ""}}, {"model": "admin.logentry", "pk": 128, "fields": {"action_time": "2021-04-03T10:14:05.028Z", "user": 1, "content_type": 6, "object_id": "8", "object_repr": "wq@gmail.com", "action_flag": 3, "change_message": ""}}, {"model": "admin.logentry", "pk": 129, "fields": {"action_time": "2021-04-03T10:14:33.263Z", "user": 1, "content_type": 6, "object_id": "10", "object_repr": "", "action_flag": 1, "change_message": "[{\"added\": {}}]"}}, {"model": "admin.logentry", "pk": 130, "fields": {"action_time": "2021-04-03T10:14:51.288Z", "user": 1, "content_type": 6, "object_id": "10", "object_repr": "m@gmail.com", "action_flag": 2, "change_message": "[{\"changed\": {\"fields\": [\"Email\", \"Is verify\"]}}]"}}, {"model": "admin.logentry", "pk": 131, "fields": {"action_time": "2021-04-03T10:15:22.446Z", "user": 1, "content_type": 8, "object_id": "5", "object_repr": "AI", "action_flag": 2, "change_message": "[{\"changed\": {\"fields\": [\"Member\"]}}]"}}, {"model": "admin.logentry", "pk": 132, "fields": {"action_time": "2021-04-03T10:20:04.798Z", "user": 1, "content_type": 8, "object_id": "6", "object_repr": "JAVA", "action_flag": 2, "change_message": "[{\"changed\": {\"fields\": [\"Member\"]}}]"}}, {"model": "admin.logentry", "pk": 133, "fields": {"action_time": "2021-04-03T11:08:30.970Z", "user": 1, "content_type": 14, "object_id": "1", "object_repr": "documents/<django.db.models.fields.CharField>/color-theory-chart-basics-for-artists.jpg", "action_flag": 1, "change_message": "[{\"added\": {}}]"}}, {"model": "admin.logentry", "pk": 134, "fields": {"action_time": "2021-04-03T11:28:14.685Z", "user": 1, "content_type": 9, "object_id": "1", "object_repr": "0Demo Video", "action_flag": 2, "change_message": "[{\"changed\": {\"fields\": [\"Course\"]}}]"}}, {"model": "admin.logentry", "pk": 135, "fields": {"action_time": "2021-04-03T11:29:03.366Z", "user": 1, "content_type": 14, "object_id": "1", "object_repr": "documents/<django.db.models.fields.CharField>/color-theory-chart-basics-for-artists.jpg", "action_flag": 3, "change_message": ""}}, {"model": "admin.logentry", "pk": 136, "fields": {"action_time": "2021-04-03T11:29:43.149Z", "user": 1, "content_type": 14, "object_id": "2", "object_repr": "documents/color-theory-chart-basics-for-artists.jpg", "action_flag": 1, "change_message": "[{\"added\": {}}]"}}, {"model": "admin.logentry", "pk": 137, "fields": {"action_time": "2021-04-03T11:30:16.908Z", "user": 1, "content_type": 14, "object_id": "3", "object_repr": "documents/color-wheel-poster.jpg", "action_flag": 1, "change_message": "[{\"added\": {}}]"}}, {"model": "admin.logentry", "pk": 138, "fields": {"action_time": "2021-04-03T12:42:02.357Z", "user": 1, "content_type": 6, "object_id": "10", "object_repr": "m@gmail.com", "action_flag": 3, "change_message": ""}}, {"model": "auth.permission", "pk": 1, "fields": {"name": "Can add log entry", "content_type": 1, "codename": "add_logentry"}}, {"model": "auth.permission", "pk": 2, "fields": {"name": "Can change log entry", "content_type": 1, "codename": "change_logentry"}}, {"model": "auth.permission", "pk": 3, "fields": {"name": "Can delete log entry", "content_type": 1, "codename": "delete_logentry"}}, {"model": "auth.permission", "pk": 4, "fields": {"name": "Can view log entry", "content_type": 1, "codename": "view_logentry"}}, {"model": "auth.permission", "pk": 5, "fields": {"name": "Can add permission", "content_type": 2, "codename": "add_permission"}}, {"model": "auth.permission", "pk": 6, "fields": {"name": "Can change permission", "content_type": 2, "codename": "change_permission"}}, {"model": "auth.permission", "pk": 7, "fields": {"name": "Can delete permission", "content_type": 2, "codename": "delete_permission"}}, {"model": "auth.permission", "pk": 8, "fields": {"name": "Can view permission", "content_type": 2, "codename": "view_permission"}}, {"model": "auth.permission", "pk": 9, "fields": {"name": "Can add group", "content_type": 3, "codename": "add_group"}}, {"model": "auth.permission", "pk": 10, "fields": {"name": "Can change group", "content_type": 3, "codename": "change_group"}}, {"model": "auth.permission", "pk": 11, "fields": {"name": "Can delete group", "content_type": 3, "codename": "delete_group"}}, {"model": "auth.permission", "pk": 12, "fields": {"name": "Can view group", "content_type": 3, "codename": "view_group"}}, {"model": "auth.permission", "pk": 13, "fields": {"name": "Can add content type", "content_type": 4, "codename": "add_contenttype"}}, {"model": "auth.permission", "pk": 14, "fields": {"name": "Can change content type", "content_type": 4, "codename": "change_contenttype"}}, {"model": "auth.permission", "pk": 15, "fields": {"name": "Can delete content type", "content_type": 4, "codename": "delete_contenttype"}}, {"model": "auth.permission", "pk": 16, "fields": {"name": "Can view content type", "content_type": 4, "codename": "view_contenttype"}}, {"model": "auth.permission", "pk": 17, "fields": {"name": "Can add session", "content_type": 5, "codename": "add_session"}}, {"model": "auth.permission", "pk": 18, "fields": {"name": "Can change session", "content_type": 5, "codename": "change_session"}}, {"model": "auth.permission", "pk": 19, "fields": {"name": "Can delete session", "content_type": 5, "codename": "delete_session"}}, {"model": "auth.permission", "pk": 20, "fields": {"name": "Can view session", "content_type": 5, "codename": "view_session"}}, {"model": "auth.permission", "pk": 21, "fields": {"name": "Can add account", "content_type": 6, "codename": "add_account"}}, {"model": "auth.permission", "pk": 22, "fields": {"name": "Can change account", "content_type": 6, "codename": "change_account"}}, {"model": "auth.permission", "pk": 23, "fields": {"name": "Can delete account", "content_type": 6, "codename": "delete_account"}}, {"model": "auth.permission", "pk": 24, "fields": {"name": "Can view account", "content_type": 6, "codename": "view_account"}}, {"model": "auth.permission", "pk": 25, "fields": {"name": "Can add category", "content_type": 7, "codename": "add_category"}}, {"model": "auth.permission", "pk": 26, "fields": {"name": "Can change category", "content_type": 7, "codename": "change_category"}}, {"model": "auth.permission", "pk": 27, "fields": {"name": "Can delete category", "content_type": 7, "codename": "delete_category"}}, {"model": "auth.permission", "pk": 28, "fields": {"name": "Can view category", "content_type": 7, "codename": "view_category"}}, {"model": "auth.permission", "pk": 29, "fields": {"name": "Can add course", "content_type": 8, "codename": "add_course"}}, {"model": "auth.permission", "pk": 30, "fields": {"name": "Can change course", "content_type": 8, "codename": "change_course"}}, {"model": "auth.permission", "pk": 31, "fields": {"name": "Can delete course", "content_type": 8, "codename": "delete_course"}}, {"model": "auth.permission", "pk": 32, "fields": {"name": "Can view course", "content_type": 8, "codename": "view_course"}}, {"model": "auth.permission", "pk": 33, "fields": {"name": "Can add video_ lecture", "content_type": 9, "codename": "add_video_lecture"}}, {"model": "auth.permission", "pk": 34, "fields": {"name": "Can change video_ lecture", "content_type": 9, "codename": "change_video_lecture"}}, {"model": "auth.permission", "pk": 35, "fields": {"name": "Can delete video_ lecture", "content_type": 9, "codename": "delete_video_lecture"}}, {"model": "auth.permission", "pk": 36, "fields": {"name": "Can view video_ lecture", "content_type": 9, "codename": "view_video_lecture"}}, {"model": "auth.permission", "pk": 37, "fields": {"name": "Can add sub category", "content_type": 10, "codename": "add_subcategory"}}, {"model": "auth.permission", "pk": 38, "fields": {"name": "Can change sub category", "content_type": 10, "codename": "change_subcategory"}}, {"model": "auth.permission", "pk": 39, "fields": {"name": "Can delete sub category", "content_type": 10, "codename": "delete_subcategory"}}, {"model": "auth.permission", "pk": 40, "fields": {"name": "Can view sub category", "content_type": 10, "codename": "view_subcategory"}}, {"model": "auth.permission", "pk": 41, "fields": {"name": "Can add student", "content_type": 11, "codename": "add_student"}}, {"model": "auth.permission", "pk": 42, "fields": {"name": "Can change student", "content_type": 11, "codename": "change_student"}}, {"model": "auth.permission", "pk": 43, "fields": {"name": "Can delete student", "content_type": 11, "codename": "delete_student"}}, {"model": "auth.permission", "pk": 44, "fields": {"name": "Can view student", "content_type": 11, "codename": "view_student"}}, {"model": "auth.permission", "pk": 45, "fields": {"name": "Can add faculty", "content_type": 12, "codename": "add_faculty"}}, {"model": "auth.permission", "pk": 46, "fields": {"name": "Can change faculty", "content_type": 12, "codename": "change_faculty"}}, {"model": "auth.permission", "pk": 47, "fields": {"name": "Can delete faculty", "content_type": 12, "codename": "delete_faculty"}}, {"model": "auth.permission", "pk": 48, "fields": {"name": "Can view faculty", "content_type": 12, "codename": "view_faculty"}}, {"model": "auth.permission", "pk": 49, "fields": {"name": "Can add course group", "content_type": 13, "codename": "add_coursegroup"}}, {"model": "auth.permission", "pk": 50, "fields": {"name": "Can change course group", "content_type": 13, "codename": "change_coursegroup"}}, {"model": "auth.permission", "pk": 51, "fields": {"name": "Can delete course group", "content_type": 13, "codename": "delete_coursegroup"}}, {"model": "auth.permission", "pk": 52, "fields": {"name": "Can view course group", "content_type": 13, "codename": "view_coursegroup"}}, {"model": "auth.permission", "pk": 53, "fields": {"name": "Can add notes", "content_type": 14, "codename": "add_notes"}}, {"model": "auth.permission", "pk": 54, "fields": {"name": "Can change notes", "content_type": 14, "codename": "change_notes"}}, {"model": "auth.permission", "pk": 55, "fields": {"name": "Can delete notes", "content_type": 14, "codename": "delete_notes"}}, {"model": "auth.permission", "pk": 56, "fields": {"name": "Can view notes", "content_type": 14, "codename": "view_notes"}}, {"model": "auth.permission", "pk": 57, "fields": {"name": "Can add ratings", "content_type": 15, "codename": "add_ratings"}}, {"model": "auth.permission", "pk": 58, "fields": {"name": "Can change ratings", "content_type": 15, "codename": "change_ratings"}}, {"model": "auth.permission", "pk": 59, "fields": {"name": "Can delete ratings", "content_type": 15, "codename": "delete_ratings"}}, {"model": "auth.permission", "pk": 60, "fields": {"name": "Can view ratings", "content_type": 15, "codename": "view_ratings"}}, {"model": "auth.permission", "pk": 61, "fields": {"name": "Can add total_ ratings", "content_type": 16, "codename": "add_total_ratings"}}, {"model": "auth.permission", "pk": 62, "fields": {"name": "Can change total_ ratings", "content_type": 16, "codename": "change_total_ratings"}}, {"model": "auth.permission", "pk": 63, "fields": {"name": "Can delete total_ ratings", "content_type": 16, "codename": "delete_total_ratings"}}, {"model": "auth.permission", "pk": 64, "fields": {"name": "Can view total_ ratings", "content_type": 16, "codename": "view_total_ratings"}}, {"model": "auth.permission", "pk": 65, "fields": {"name": "Can add course overview", "content_type": 17, "codename": "add_courseoverview"}}, {"model": "auth.permission", "pk": 66, "fields": {"name": "Can change course overview", "content_type": 17, "codename": "change_courseoverview"}}, {"model": "auth.permission", "pk": 67, "fields": {"name": "Can delete course overview", "content_type": 17, "codename": "delete_courseoverview"}}, {"model": "auth.permission", "pk": 68, "fields": {"name": "Can view course overview", "content_type": 17, "codename": "view_courseoverview"}}, {"model": "auth.permission", "pk": 69, "fields": {"name": "Can add video testing", "content_type": 18, "codename": "add_videotesting"}}, {"model": "auth.permission", "pk": 70, "fields": {"name": "Can change video testing", "content_type": 18, "codename": "change_videotesting"}}, {"model": "auth.permission", "pk": 71, "fields": {"name": "Can delete video testing", "content_type": 18, "codename": "delete_videotesting"}}, {"model": "auth.permission", "pk": 72, "fields": {"name": "Can view video testing", "content_type": 18, "codename": "view_videotesting"}}, {"model": "auth.permission", "pk": 73, "fields": {"name": "Can add country", "content_type": 19, "codename": "add_country"}}, {"model": "auth.permission", "pk": 74, "fields": {"name": "Can change country", "content_type": 19, "codename": "change_country"}}, {"model": "auth.permission", "pk": 75, "fields": {"name": "Can delete country", "content_type": 19, "codename": "delete_country"}}, {"model": "auth.permission", "pk": 76, "fields": {"name": "Can view country", "content_type": 19, "codename": "view_country"}}, {"model": "auth.permission", "pk": 77, "fields": {"name": "Can add state", "content_type": 20, "codename": "add_state"}}, {"model": "auth.permission", "pk": 78, "fields": {"name": "Can change state", "content_type": 20, "codename": "change_state"}}, {"model": "auth.permission", "pk": 79, "fields": {"name": "Can delete state", "content_type": 20, "codename": "delete_state"}}, {"model": "auth.permission", "pk": 80, "fields": {"name": "Can view state", "content_type": 20, "codename": "view_state"}}, {"model": "auth.permission", "pk": 81, "fields": {"name": "Can add contact us", "content_type": 21, "codename": "add_contactus"}}, {"model": "auth.permission", "pk": 82, "fields": {"name": "Can change contact us", "content_type": 21, "codename": "change_contactus"}}, {"model": "auth.permission", "pk": 83, "fields": {"name": "Can delete contact us", "content_type": 21, "codename": "delete_contactus"}}, {"model": "auth.permission", "pk": 84, "fields": {"name": "Can view contact us", "content_type": 21, "codename": "view_contactus"}}, {"model": "auth.permission", "pk": 85, "fields": {"name": "Can add city", "content_type": 22, "codename": "add_city"}}, {"model": "auth.permission", "pk": 86, "fields": {"name": "Can change city", "content_type": 22, "codename": "change_city"}}, {"model": "auth.permission", "pk": 87, "fields": {"name": "Can delete city", "content_type": 22, "codename": "delete_city"}}, {"model": "auth.permission", "pk": 88, "fields": {"name": "Can view city", "content_type": 22, "codename": "view_city"}}, {"model": "auth.permission", "pk": 89, "fields": {"name": "Can add business type", "content_type": 23, "codename": "add_businesstype"}}, {"model": "auth.permission", "pk": 90, "fields": {"name": "Can change business type", "content_type": 23, "codename": "change_businesstype"}}, {"model": "auth.permission", "pk": 91, "fields": {"name": "Can delete business type", "content_type": 23, "codename": "delete_businesstype"}}, {"model": "auth.permission", "pk": 92, "fields": {"name": "Can view business type", "content_type": 23, "codename": "view_businesstype"}}, {"model": "auth.permission", "pk": 93, "fields": {"name": "Can add orders", "content_type": 24, "codename": "add_orders"}}, {"model": "auth.permission", "pk": 94, "fields": {"name": "Can change orders", "content_type": 24, "codename": "change_orders"}}, {"model": "auth.permission", "pk": 95, "fields": {"name": "Can delete orders", "content_type": 24, "codename": "delete_orders"}}, {"model": "auth.permission", "pk": 96, "fields": {"name": "Can view orders", "content_type": 24, "codename": "view_orders"}}, {"model": "auth.permission", "pk": 97, "fields": {"name": "Can add update order", "content_type": 25, "codename": "add_updateorder"}}, {"model": "auth.permission", "pk": 98, "fields": {"name": "Can change update order", "content_type": 25, "codename": "change_updateorder"}}, {"model": "auth.permission", "pk": 99, "fields": {"name": "Can delete update order", "content_type": 25, "codename": "delete_updateorder"}}, {"model": "auth.permission", "pk": 100, "fields": {"name": "Can view update order", "content_type": 25, "codename": "view_updateorder"}}, {"model": "auth.permission", "pk": 101, "fields": {"name": "Can add tag", "content_type": 26, "codename": "add_tag"}}, {"model": "auth.permission", "pk": 102, "fields": {"name": "Can change tag", "content_type": 26, "codename": "change_tag"}}, {"model": "auth.permission", "pk": 103, "fields": {"name": "Can delete tag", "content_type": 26, "codename": "delete_tag"}}, {"model": "auth.permission", "pk": 104, "fields": {"name": "Can view tag", "content_type": 26, "codename": "view_tag"}}, {"model": "auth.permission", "pk": 105, "fields": {"name": "Can add category", "content_type": 27, "codename": "add_category"}}, {"model": "auth.permission", "pk": 106, "fields": {"name": "Can change category", "content_type": 27, "codename": "change_category"}}, {"model": "auth.permission", "pk": 107, "fields": {"name": "Can delete category", "content_type": 27, "codename": "delete_category"}}, {"model": "auth.permission", "pk": 108, "fields": {"name": "Can view category", "content_type": 27, "codename": "view_category"}}, {"model": "auth.permission", "pk": 109, "fields": {"name": "Can add post", "content_type": 28, "codename": "add_post"}}, {"model": "auth.permission", "pk": 110, "fields": {"name": "Can change post", "content_type": 28, "codename": "change_post"}}, {"model": "auth.permission", "pk": 111, "fields": {"name": "Can delete post", "content_type": 28, "codename": "delete_post"}}, {"model": "auth.permission", "pk": 112, "fields": {"name": "Can view post", "content_type": 28, "codename": "view_post"}}, {"model": "auth.permission", "pk": 113, "fields": {"name": "Can add image", "content_type": 29, "codename": "add_image"}}, {"model": "auth.permission", "pk": 114, "fields": {"name": "Can change image", "content_type": 29, "codename": "change_image"}}, {"model": "auth.permission", "pk": 115, "fields": {"name": "Can delete image", "content_type": 29, "codename": "delete_image"}}, {"model": "auth.permission", "pk": 116, "fields": {"name": "Can view image", "content_type": 29, "codename": "view_image"}}, {"model": "auth.permission", "pk": 117, "fields": {"name": "Can add author", "content_type": 30, "codename": "add_author"}}, {"model": "auth.permission", "pk": 118, "fields": {"name": "Can change author", "content_type": 30, "codename": "change_author"}}, {"model": "auth.permission", "pk": 119, "fields": {"name": "Can delete author", "content_type": 30, "codename": "delete_author"}}, {"model": "auth.permission", "pk": 120, "fields": {"name": "Can view author", "content_type": 30, "codename": "view_author"}}, {"model": "auth.permission", "pk": 121, "fields": {"name": "Can add post author", "content_type": 30, "codename": "add_postauthor"}}, {"model": "auth.permission", "pk": 122, "fields": {"name": "Can change post author", "content_type": 30, "codename": "change_postauthor"}}, {"model": "auth.permission", "pk": 123, "fields": {"name": "Can delete post author", "content_type": 30, "codename": "delete_postauthor"}}, {"model": "auth.permission", "pk": 124, "fields": {"name": "Can view post author", "content_type": 30, "codename": "view_postauthor"}}, {"model": "auth.permission", "pk": 125, "fields": {"name": "Can add bidding_ amt", "content_type": 31, "codename": "add_bidding_amt"}}, {"model": "auth.permission", "pk": 126, "fields": {"name": "Can change bidding_ amt", "content_type": 31, "codename": "change_bidding_amt"}}, {"model": "auth.permission", "pk": 127, "fields": {"name": "Can delete bidding_ amt", "content_type": 31, "codename": "delete_bidding_amt"}}, {"model": "auth.permission", "pk": 128, "fields": {"name": "Can view bidding_ amt", "content_type": 31, "codename": "view_bidding_amt"}}, {"model": "auth.permission", "pk": 129, "fields": {"name": "Can add frequently ask question", "content_type": 32, "codename": "add_frequentlyaskquestion"}}, {"model": "auth.permission", "pk": 130, "fields": {"name": "Can change frequently ask question", "content_type": 32, "codename": "change_frequentlyaskquestion"}}, {"model": "auth.permission", "pk": 131, "fields": {"name": "Can delete frequently ask question", "content_type": 32, "codename": "delete_frequentlyaskquestion"}}, {"model": "auth.permission", "pk": 132, "fields": {"name": "Can view frequently ask question", "content_type": 32, "codename": "view_frequentlyaskquestion"}}, {"model": "auth.permission", "pk": 133, "fields": {"name": "Can add contact form", "content_type": 33, "codename": "add_contactform"}}, {"model": "auth.permission", "pk": 134, "fields": {"name": "Can change contact form", "content_type": 33, "codename": "change_contactform"}}, {"model": "auth.permission", "pk": 135, "fields": {"name": "Can delete contact form", "content_type": 33, "codename": "delete_contactform"}}, {"model": "auth.permission", "pk": 136, "fields": {"name": "Can view contact form", "content_type": 33, "codename": "view_contactform"}}, {"model": "auth.permission", "pk": 137, "fields": {"name": "Can add static data", "content_type": 34, "codename": "add_staticdata"}}, {"model": "auth.permission", "pk": 138, "fields": {"name": "Can change static data", "content_type": 34, "codename": "change_staticdata"}}, {"model": "auth.permission", "pk": 139, "fields": {"name": "Can delete static data", "content_type": 34, "codename": "delete_staticdata"}}, {"model": "auth.permission", "pk": 140, "fields": {"name": "Can view static data", "content_type": 34, "codename": "view_staticdata"}}, {"model": "auth.permission", "pk": 141, "fields": {"name": "Can add newsletters subscribers", "content_type": 35, "codename": "add_newsletterssubscribers"}}, {"model": "auth.permission", "pk": 142, "fields": {"name": "Can change newsletters subscribers", "content_type": 35, "codename": "change_newsletterssubscribers"}}, {"model": "auth.permission", "pk": 143, "fields": {"name": "Can delete newsletters subscribers", "content_type": 35, "codename": "delete_newsletterssubscribers"}}, {"model": "auth.permission", "pk": 144, "fields": {"name": "Can view newsletters subscribers", "content_type": 35, "codename": "view_newsletterssubscribers"}}, {"model": "auth.permission", "pk": 145, "fields": {"name": "Can add internship form", "content_type": 36, "codename": "add_internshipform"}}, {"model": "auth.permission", "pk": 146, "fields": {"name": "Can change internship form", "content_type": 36, "codename": "change_internshipform"}}, {"model": "auth.permission", "pk": 147, "fields": {"name": "Can delete internship form", "content_type": 36, "codename": "delete_internshipform"}}, {"model": "auth.permission", "pk": 148, "fields": {"name": "Can view internship form", "content_type": 36, "codename": "view_internshipform"}}, {"model": "auth.permission", "pk": 149, "fields": {"name": "Can add transaction", "content_type": 37, "codename": "add_transaction"}}, {"model": "auth.permission", "pk": 150, "fields": {"name": "Can change transaction", "content_type": 37, "codename": "change_transaction"}}, {"model": "auth.permission", "pk": 151, "fields": {"name": "Can delete transaction", "content_type": 37, "codename": "delete_transaction"}}, {"model": "auth.permission", "pk": 152, "fields": {"name": "Can view transaction", "content_type": 37, "codename": "view_transaction"}}, {"model": "contenttypes.contenttype", "pk": 1, "fields": {"app_label": "admin", "model": "logentry"}}, {"model": "contenttypes.contenttype", "pk": 2, "fields": {"app_label": "auth", "model": "permission"}}, {"model": "contenttypes.contenttype", "pk": 3, "fields": {"app_label": "auth", "model": "group"}}, {"model": "contenttypes.contenttype", "pk": 4, "fields": {"app_label": "contenttypes", "model": "contenttype"}}, {"model": "contenttypes.contenttype", "pk": 5, "fields": {"app_label": "sessions", "model": "session"}}, {"model": "contenttypes.contenttype", "pk": 6, "fields": {"app_label": "accounts", "model": "account"}}, {"model": "contenttypes.contenttype", "pk": 7, "fields": {"app_label": "classroom", "model": "category"}}, {"model": "contenttypes.contenttype", "pk": 8, "fields": {"app_label": "classroom", "model": "course"}}, {"model": "contenttypes.contenttype", "pk": 9, "fields": {"app_label": "classroom", "model": "video_lecture"}}, {"model": "contenttypes.contenttype", "pk": 10, "fields": {"app_label": "classroom", "model": "subcategory"}}, {"model": "contenttypes.contenttype", "pk": 11, "fields": {"app_label": "classroom", "model": "student"}}, {"model": "contenttypes.contenttype", "pk": 12, "fields": {"app_label": "classroom", "model": "faculty"}}, {"model": "contenttypes.contenttype", "pk": 13, "fields": {"app_label": "classroom", "model": "coursegroup"}}, {"model": "contenttypes.contenttype", "pk": 14, "fields": {"app_label": "classroom", "model": "notes"}}, {"model": "contenttypes.contenttype", "pk": 15, "fields": {"app_label": "classroom", "model": "ratings"}}, {"model": "contenttypes.contenttype", "pk": 16, "fields": {"app_label": "classroom", "model": "total_ratings"}}, {"model": "contenttypes.contenttype", "pk": 17, "fields": {"app_label": "classroom", "model": "courseoverview"}}, {"model": "contenttypes.contenttype", "pk": 18, "fields": {"app_label": "classroom", "model": "videotesting"}}, {"model": "contenttypes.contenttype", "pk": 19, "fields": {"app_label": "dprocess", "model": "country"}}, {"model": "contenttypes.contenttype", "pk": 20, "fields": {"app_label": "dprocess", "model": "state"}}, {"model": "contenttypes.contenttype", "pk": 21, "fields": {"app_label": "dprocess", "model": "contactus"}}, {"model": "contenttypes.contenttype", "pk": 22, "fields": {"app_label": "dprocess", "model": "city"}}, {"model": "contenttypes.contenttype", "pk": 23, "fields": {"app_label": "dprocess", "model": "businesstype"}}, {"model": "contenttypes.contenttype", "pk": 24, "fields": {"app_label": "dprocess", "model": "orders"}}, {"model": "contenttypes.contenttype", "pk": 25, "fields": {"app_label": "dprocess", "model": "updateorder"}}, {"model": "contenttypes.contenttype", "pk": 26, "fields": {"app_label": "blog", "model": "tag"}}, {"model": "contenttypes.contenttype", "pk": 27, "fields": {"app_label": "blog", "model": "category"}}, {"model": "contenttypes.contenttype", "pk": 28, "fields": {"app_label": "blog", "model": "post"}}, {"model": "contenttypes.contenttype", "pk": 29, "fields": {"app_label": "blog", "model": "image"}}, {"model": "contenttypes.contenttype", "pk": 30, "fields": {"app_label": "blog", "model": "postauthor"}}, {"model": "contenttypes.contenttype", "pk": 31, "fields": {"app_label": "classroom", "model": "bidding_amt"}}, {"model": "contenttypes.contenttype", "pk": 32, "fields": {"app_label": "classroom", "model": "frequentlyaskquestion"}}, {"model": "contenttypes.contenttype", "pk": 33, "fields": {"app_label": "classroom", "model": "contactform"}}, {"model": "contenttypes.contenttype", "pk": 34, "fields": {"app_label": "accounts", "model": "staticdata"}}, {"model": "contenttypes.contenttype", "pk": 35, "fields": {"app_label": "accounts", "model": "newsletterssubscribers"}}, {"model": "contenttypes.contenttype", "pk": 36, "fields": {"app_label": "classroom", "model": "internshipform"}}, {"model": "contenttypes.contenttype", "pk": 37, "fields": {"app_label": "classroom", "model": "transaction"}}, {"model": "sessions.session", "pk": "8rum4fri6nlziskz2fihboykevaa4tvo", "fields": {"session_data": "e30:1lRS1i:14WXDOUxuEbs57u2SjwzWNkrSmylHCELdGgrJHvsmEo", "expire_date": "2021-04-14T04:00:18.694Z"}}, {"model": "sessions.session", "pk": "ah5maztpn6cjyb5i1q8kvzm7bt62bjqx", "fields": {"session_data": ".eJxVjEEOgkAMRe8yazOhIy3VpXvPQEpbHNRAwsDKeHclYaHb_977r9DKuuR2LT63g4VzgHD43TrRh48bsLuMtynqNC7z0MVNiTst8TqZPy-7-3eQpeRvjYKNIlKPLIREZk1KIgLJiZkr6s0JBI4qPZ1qq1nBUdUbhgpBw_sD3OA32Q:1lHnyb:ZnbOxYyQsbwGxLXWXdfs53zr-5unFZ0lLfZkgixUjNk", "expire_date": "2021-03-18T13:25:13.426Z"}}, {"model": "sessions.session", "pk": "dvs3idgt07uzayiuqtdsp5lxion8b9i4", "fields": {"session_data": ".eJxVjEEOgkAMRe8yazOhIy3VpXvPQEpbHNRAwsDKeHclYaHb_977r9DKuuR2LT63g4VzgHD43TrRh48bsLuMtynqNC7z0MVNiTst8TqZPy-7-3eQpeRvjYKNIlKPLIREZk1KIgLJiZkr6s0JBI4qPZ1qq1nBUdUbhgpBw_sD3OA32Q:1lP1pb:X5UmsJ6zEgh9Nxq3svg1B3EPAPWRTJtBJOzQM8ejuW0", "expire_date": "2021-04-07T11:37:47.726Z"}}, {"model": "sessions.session", "pk": "kgeu5bwgm2gj84pkiqktyuyupzx56d91", "fields": {"session_data": ".eJxVjEEOgkAMRe8yazOhIy3VpXvPQEpbHNRAwsDKeHclYaHb_977r9DKuuR2LT63g4VzgHD43TrRh48bsLuMtynqNC7z0MVNiTst8TqZPy-7-3eQpeRvjYKNIlKPLIREZk1KIgLJiZkr6s0JBI4qPZ1qq1nBUdUbhgpBw_sD3OA32Q:1lRudB:QehgI7HtV6j3nzaXKwXPN2j2mjB_wqxKtoO1qn9Cr7s", "expire_date": "2021-04-15T10:32:53.046Z"}}, {"model": "sessions.session", "pk": "yqmkmff1e3q3h0gryx9hl40kqax8c7w5", "fields": {"session_data": ".eJxVjEEOgkAMRe8yazOhIy3VpXvPQEpbHNRAwsDKeHclYaHb_977r9DKuuR2LT63g4VzgHD43TrRh48bsLuMtynqNC7z0MVNiTst8TqZPy-7-3eQpeRvjYKNIlKPLIREZk1KIgLJiZkr6s0JBI4qPZ1qq1nBUdUbhgpBw_sD3OA32Q:1lTgkY:R0ECZV3HuWTBkEge5Zd-sSy4Z6DD5lYxOVQ35nV7KP4", "expire_date": "2021-04-20T08:07:50.804Z"}}, {"model": "accounts.account", "pk": 1, "fields": {"password": "pbkdf2_sha256$216000$Uqa4M9IH1472$CUm/PSU97O8CX9dwKN26o96IOa+0ykcP1/KiBnrynSw=", "email": "myschool@gmail.com", "username": "my", "date_joined": "2021-03-01T04:19:58.816Z", "last_login": "2021-04-06T08:07:50.796Z", "is_admin": true, "is_active": true, "is_staff": true, "is_superuser": true, "first_name": "Intern", "last_name": "Yuva", "phone_number": 1234567890, "profile_pic": "Profile_Pics/Screenshot_2020-12-31_at_12.12.09_AM.png", "is_verify": false}}, {"model": "accounts.newsletterssubscribers", "pk": 1, "fields": {"email": "samir@gmail.com"}}, {"model": "classroom.videotesting", "pk": 1, "fields": {"name": "sa", "url": "https://vimeo.com/517514663"}}, {"model": "classroom.faculty", "pk": 1, "fields": {"user": 1}}, {"model": "classroom.category", "pk": 3, "fields": {"thumbnail": "category_thumbnail/Competitive-Programming-1_CoJ7dxA.jpg", "desc": "Category Desc", "category_name": "Marketing"}}, {"model": "classroom.category", "pk": 4, "fields": {"thumbnail": "category_thumbnail/Competitive-Programming-1.jpg", "desc": "Category Desc", "category_name": "Designing"}}, {"model": "classroom.category", "pk": 5, "fields": {"thumbnail": "category_thumbnail/Screenshot_2021-03-17_at_10.06.16_PM.png", "desc": "Category Desc", "category_name": "Development"}}, {"model": "classroom.category", "pk": 6, "fields": {"thumbnail": "category_thumbnail/Screenshot_2021-03-23_at_12.15.37_PM.png", "desc": "Security", "category_name": "Security"}}, {"model": "classroom.category", "pk": 7, "fields": {"thumbnail": "category_thumbnail/python_nltk.png", "desc": "ML , AI", "category_name": "Artificial Intellegiance"}}, {"model": "classroom.category", "pk": 8, "fields": {"thumbnail": "category_thumbnail/Screenshot_2021-03-24_at_11.21.53_AM.png", "desc": "Category Desc", "category_name": "Programming"}}, {"model": "classroom.subcategory", "pk": 1, "fields": {"category_name": 4, "sub_category_name": "Graphic Design"}}, {"model": "classroom.subcategory", "pk": 2, "fields": {"category_name": 4, "sub_category_name": "Web Design"}}, {"model": "classroom.subcategory", "pk": 3, "fields": {"category_name": 3, "sub_category_name": "Digital Marketing"}}, {"model": "classroom.subcategory", "pk": 4, "fields": {"category_name": 5, "sub_category_name": "Django Development"}}, {"model": "classroom.subcategory", "pk": 5, "fields": {"category_name": 5, "sub_category_name": "React Frontend"}}, {"model": "classroom.subcategory", "pk": 6, "fields": {"category_name": 5, "sub_category_name": "MERN STACK"}}, {"model": "classroom.subcategory", "pk": 7, "fields": {"category_name": 5, "sub_category_name": "Android Development"}}, {"model": "classroom.subcategory", "pk": 8, "fields": {"category_name": 6, "sub_category_name": "Web Exploitation"}}, {"model": "classroom.subcategory", "pk": 9, "fields": {"category_name": 7, "sub_category_name": "Machine Learning"}}, {"model": "classroom.subcategory", "pk": 10, "fields": {"category_name": 7, "sub_category_name": "Image Processing"}}, {"model": "classroom.subcategory", "pk": 11, "fields": {"category_name": 7, "sub_category_name": "Deep Learning"}}, {"model": "classroom.subcategory", "pk": 12, "fields": {"category_name": 8, "sub_category_name": "C/C++"}}, {"model": "classroom.subcategory", "pk": 13, "fields": {"category_name": 8, "sub_category_name": "Python"}}, {"model": "classroom.subcategory", "pk": 14, "fields": {"category_name": 8, "sub_category_name": "Java"}}, {"model": "classroom.subcategory", "pk": 15, "fields": {"category_name": 8, "sub_category_name": "Data Structure and Algorithms"}}, {"model": "classroom.notes", "pk": 2, "fields": {"index": 0, "name": "testing1", "document": "documents/color-theory-chart-basics-for-artists.jpg", "thumbnail": "notes_thumbnail/color-wheel-poster.jpg", "course": 6}}, {"model": "classroom.notes", "pk": 3, "fields": {"index": 1, "name": "testin2", "document": "documents/color-wheel-poster.jpg", "thumbnail": "notes_thumbnail/color-wheel-poster_DJzCYAF.jpg", "course": 6}}, {"model": "classroom.notes", "pk": 4, "fields": {"index": 2, "name": "sami", "document": "documents/january-2021-calendar.pdf", "thumbnail": "", "course": null}}, {"model": "classroom.video_lecture", "pk": 1, "fields": {"index": 0, "name": "Demo Video", "thumbnail": "", "course": 1, "video_url": "https://vimeo.com/517514663"}}, {"model": "classroom.course", "pk": 1, "fields": {"name": "Play With Algorithm", "category": 8, "sub_category": 15, "faculty": 1, "small_desc": "This way, the bug gets fixed, but this independent change is highlighted for reviewers.", "description": "In the Zulip project, we encourage submitting work-in-progress pull requests early and often. This allows you to share your code to make it easier to get feedback and help with your changes. Prefix the titles of work-in-progress pull requests with [WIP], which in our project means that you dont think your pull request is ready to be merged (e.g. it might not work or pass tests). This sets expectations correctly for any feedback from other developers and prevents your work from being merged before youre confident in it.", "price": "4500.000", "discount_price": "0.000", "code": "FBKSCC", "thumbnail": "course_thumbnail/Competitive-Programming-1_zDRPe0U.jpg", "date_of_created": "2021-03-08T10:53:53Z", "slug": "play-with-algorithm-kruncd-2020", "is_active": true, "is_completed": true, "is_live": false, "is_like": [], "is_save": [], "member": [], "video_lectures": [1], "course_overview": [], "notes_un": [], "students": []}}, {"model": "classroom.course", "pk": 2, "fields": {"name": "Natural Language Processing", "category": 7, "sub_category": 9, "faculty": 1, "small_desc": "If you are working on a branch named master, you need to create and switch to a feature branch before proceeding.", "description": "It is important to work on a feature branch when creating a pull request. Your new pull request will be inextricably linked with your branch while it is open, so you will need to reserve your branch only for changes related to your issue, and avoid introducing extraneous changes for other issues or from upstream.\r\n\r\nIf you are working on a branch named master, you need to create and switch to a feature branch before proceeding.", "price": "6000.000", "discount_price": "0.000", "code": "BYNMXJ", "thumbnail": "course_thumbnail/python_nltk.png", "date_of_created": "2021-03-09T10:53:53Z", "slug": "natural-language-processing-dymfgv-1138", "is_active": true, "is_completed": true, "is_live": false, "is_like": [], "is_save": [], "member": [], "video_lectures": [1], "course_overview": [], "notes_un": [4], "students": []}}, {"model": "classroom.course", "pk": 3, "fields": {"name": "Machine Learning", "category": 7, "sub_category": 9, "faculty": 1, "small_desc": "changes together in a single commit; the reviewer will ask you to split the changes out into their own commits.", "description": "Never mix multiple changes together in a single commit, but its great to include several related changes, each in their own commit, in a single pull request. If you notice an issue that is only somewhat related to what you were working on, but you feel that its too minor to create a dedicated pull request, feel free to append it as an additional commit in the pull request for your main project (that commit should have a clear explanation of the bug in its commit message). This way, the bug gets fixed, but this independent change is highlighted for reviewers. Or just create a dedicated pull request for it. Whatever you do, dont squash unrelated changes together in a single commit; the reviewer will ask you to split the changes out into their own commits.", "price": "7000.000", "discount_price": "0.000", "code": "UNQRHE", "thumbnail": "course_thumbnail/image_ml.jpg", "date_of_created": "2021-03-18T10:53:53Z", "slug": "machine-learning-jbzuwr-7772", "is_active": true, "is_completed": true, "is_live": false, "is_like": [], "is_save": [], "member": [], "video_lectures": [1], "course_overview": [], "notes_un": [], "students": []}}, {"model": "classroom.course", "pk": 5, "fields": {"name": "AI", "category": 7, "sub_category": 11, "faculty": 1, "small_desc": "Substitute obj_id, photo, and Model to instances that you deem necessary.", "description": "Substitute obj_id, photo, and Model to instances that you deem necessary. Documentation\r\nStill, there are more solutions on other threads. Look up \"Django delete filefield\" and you'll find longer solutions if my proposals don't work.Substitute obj_id, photo, and Model to instances that you deem necessary. Documentation\r\nStill, there are more solutions on other threads. Look up \"Django delete filefield\" and you'll find longer solutions if my proposals don't work.", "price": "0.000", "discount_price": "0.000", "code": "NVPFNH", "thumbnail": "course_thumbnail/Screenshot_2021-03-25_at_11.36.31_AM.png", "date_of_created": "2021-03-27T10:53:53Z", "slug": "ai-vftaun-7921", "is_active": true, "is_completed": true, "is_live": false, "is_like": [], "is_save": [], "member": [], "video_lectures": [1], "course_overview": [], "notes_un": [], "students": []}}, {"model": "classroom.course", "pk": 6, "fields": {"name": "JAVA", "category": 8, "sub_category": 14, "faculty": 1, "small_desc": null, "description": "", "price": "7000.000", "discount_price": "0.000", "code": "NXUZOS", "thumbnail": "course_thumbnail/WhatsApp_Image_2021-02-22_at_3.36.41_PM.jpeg", "date_of_created": "2021-03-27T10:53:53Z", "slug": "java-stwxqg-7138", "is_active": true, "is_completed": true, "is_live": false, "is_like": [], "is_save": [], "member": [1], "video_lectures": [1], "course_overview": [], "notes_un": [], "students": []}}, {"model": "classroom.frequentlyaskquestion", "pk": 1, "fields": {"index": 1, "question": "How long is this course duration", "answer": "The task is to find the first non repeating character, each time a character is inserted to the stream. If there is no such character then append '#' to the answer."}}, {"model": "classroom.frequentlyaskquestion", "pk": 2, "fields": {"index": 2, "question": "First non-repeating character in a stream", "answer": "First non-repeating character in a streamFirst non-repeating character in a streamFirst non-repeating character in a streamFirst non-repeating character in a stream"}}, {"model": "classroom.contactform", "pk": 1, "fields": {"name": "samie", "email": "as@gmail.com", "phone_number": 1234567, "message": "sadly"}}, {"model": "classroom.internshipform", "pk": 1, "fields": {"name": "The Python Developer", "company_name": "InternYuva", "role": "Django Developer", "url": "https://www.youtube.com/watch?v=3izFMB91K_Q", "start_date": "2021-03-31", "end_date": "2021-05-30", "desc": "thanks for working on this! You should learn a bit about GitHub and Zulip's commit conventions before this will be reviewable.thanks for working on this! You should learn a bit about GitHub and Zulip's commit conventions before this will be reviewable.thanks for working on this! You should learn a bit about GitHub and Zulip's commit conventions before this will be reviewable.", "stipend": 4000, "is_list": true}}, {"model": "classroom.transaction", "pk": 1, "fields": {"user": 1, "item_json": "Machine Learning", "course": 3, "amount": 7000, "name": "name", "email": "email", "mobile": "mobile"}}, {"model": "classroom.transaction", "pk": 2, "fields": {"user": 1, "item_json": "Play With Algorithm", "course": 1, "amount": 4500, "name": "name", "email": "email", "mobile": "mobile"}}, {"model": "classroom.transaction", "pk": 3, "fields": {"user": 1, "item_json": "Machine Learning", "course": 3, "amount": 7000, "name": "name", "email": "myschool@gmail.com", "mobile": "1234567890"}}, {"model": "classroom.transaction", "pk": 4, "fields": {"user": 1, "item_json": "Natural Language Processing", "course": 2, "amount": 6000, "name": "name", "email": "myschool@gmail.com", "mobile": "1234567890"}}, {"model": "blog.tag", "pk": 1, "fields": {"name": "Python"}}, {"model": "blog.tag", "pk": 2, "fields": {"name": "Java"}}, {"model": "blog.tag", "pk": 3, "fields": {"name": "ML"}}, {"model": "blog.postauthor", "pk": 1, "fields": {"user": 1}}, {"model": "blog.post", "pk": 1, "fields": {"title": "Title", "sub_title": "SubTitle", "content": "The Content", "date_posted": "2021-03-09T07:09:29Z", "author": 1, "thumbnail": "blog_images/Competitive-Programming-1_kWk3n7A.jpg", "tag": [], "cat": [], "images": [], "is_like": [], "is_save": []}}, {"model": "blog.post", "pk": 2, "fields": {"title": "Title23", "sub_title": "SubTitle", "content": "The Content", "date_posted": "2021-03-09T07:12:53Z", "author": 1, "thumbnail": "blog_images/alain-bonnardeaux-tLxGw_ITs7k-unsplash.jpg", "tag": [], "cat": [], "images": [], "is_like": [], "is_save": []}}]